INSERT INTO USERS (ID, EMAIL, PASSWORD_HASH, DISPLAY_NAME, ROLE, CREATED_AT, UPDATED_AT) VALUES
 (HEXTORAW('11111111111111111111111111111111'), 'admin@ecotrack.com', '{noop}admin123', 'Administrador EcoTrack', 'ROLE_ADMIN', CURRENT_TIMESTAMP, CURRENT_TIMESTAMP),
 (HEXTORAW('22222222222222222222222222222222'), 'user@ecotrack.com', '{noop}user123', 'Consumidor Demo', 'ROLE_CONSUMER', CURRENT_TIMESTAMP, CURRENT_TIMESTAMP);

INSERT INTO PRODUCTS (ID, NAME, CATEGORY, KCAL_100G, CO2_PER_UNIT, BARCODE) VALUES
 (HEXTORAW('AAAAAAAAAAAAAAAAAAAAAAAAAAAAAAAA'), 'Leite Vegetal de Aveia', 'Bebidas', 42.00, 0.850, '789100000001'),
 (HEXTORAW('BBBBBBBBBBBBBBBBBBBBBBBBBBBBBBBB'), 'Barra de Cereal Integral', 'Snacks', 389.00, 0.320, '789100000002'),
 (HEXTORAW('CCCCCCCCCCCCCCCCCCCCCCCCCCCCCCCC'), 'Café Orgânico', 'Mercearia', 2.00, 0.540, '789100000003'),
 (HEXTORAW('DDDDDDDDDDDDDDDDDDDDDDDDDDDDDDDD'), 'Sabonete Biodegradável', 'Higiene', 0.00, 0.210, '789100000004');

INSERT INTO PRODUCT_IMPACT (PRODUCT_ID, CO2_PER_UNIT, WATER_L, ORIGIN, UPDATED_AT) VALUES
 (HEXTORAW('AAAAAAAAAAAAAAAAAAAAAAAAAAAAAAAA'), 0.850, 48.00, 'Brasil', CURRENT_TIMESTAMP),
 (HEXTORAW('BBBBBBBBBBBBBBBBBBBBBBBBBBBBBBBB'), 0.320, 22.00, 'Brasil', CURRENT_TIMESTAMP),
 (HEXTORAW('CCCCCCCCCCCCCCCCCCCCCCCCCCCCCCCC'), 0.540, 35.00, 'Minas Gerais', CURRENT_TIMESTAMP),
 (HEXTORAW('DDDDDDDDDDDDDDDDDDDDDDDDDDDDDDDD'), 0.210, 12.00, 'Paraná', CURRENT_TIMESTAMP);

INSERT INTO PRODUCT_NUTRITION (ID, PRODUCT_ID, NUTRI_KEY, NUTRI_VALUE) VALUES
 (HEXTORAW('90000000000000000000000000000001'), HEXTORAW('AAAAAAAAAAAAAAAAAAAAAAAAAAAAAAAA'), 'Proteína', '1.0g'),
 (HEXTORAW('90000000000000000000000000000002'), HEXTORAW('AAAAAAAAAAAAAAAAAAAAAAAAAAAAAAAA'), 'Fibra', '0.8g'),
 (HEXTORAW('90000000000000000000000000000003'), HEXTORAW('BBBBBBBBBBBBBBBBBBBBBBBBBBBBBBBB'), 'Açúcar', '8g'),
 (HEXTORAW('90000000000000000000000000000004'), HEXTORAW('CCCCCCCCCCCCCCCCCCCCCCCCCCCCCCCC'), 'Cafeína', '95mg');

INSERT INTO SCAN_HISTORY (ID, USER_ID, PRODUCT_ID, SCANNED_AT, SOURCE) VALUES
 (HEXTORAW('30000000000000000000000000000001'), HEXTORAW('22222222222222222222222222222222'), HEXTORAW('AAAAAAAAAAAAAAAAAAAAAAAAAAAAAAAA'), CURRENT_TIMESTAMP, 'WEB'),
 (HEXTORAW('30000000000000000000000000000002'), HEXTORAW('22222222222222222222222222222222'), HEXTORAW('CCCCCCCCCCCCCCCCCCCCCCCCCCCCCCCC'), CURRENT_TIMESTAMP, 'WEB');

INSERT INTO FAVORITES (USER_ID, PRODUCT_ID, CREATED_AT) VALUES
 (HEXTORAW('22222222222222222222222222222222'), HEXTORAW('BBBBBBBBBBBBBBBBBBBBBBBBBBBBBBBB'), CURRENT_TIMESTAMP);
